Model Type,Author,Accuracy,Kappa,AUC,PPV,FP rate,Time Seconds,Time Minutes
Decision Tree,Courtney,0.9684,0.9303,0.982,0.973,0.05,14.2,0.24
Random Forest A,Courtney,0.9893,0.976,0.999,0.991,0.0167,375.6,6.26
Random Forest B,Micaela,0.994,0.986,0.994,0.995,0.006,84,1.4
SVM Full Linear,Matt,0.934,0.852,0.921,0.938,0.119,20.1,0.34
SVM Full Polynomial (deg=4),Matt,0.966,0.925,0.962,0.974,0.048,8.4,0.14
SVM Full Radial Basis Function,Matt,0.9683,0.9304,0.966,0.978,0.041,25.5,0.42
SVM Full Sigmoid Activation Kernel,Matt,0.686,0.309,0.654,0.759,0.45,31.2,0.52
SVM Reduced ,Micaela,0.93,0.851,0.928,0.95,0.08,592.8,9.88
SVM Reduced Radial Basis Function,Micaela,0.974,0.945,0.973,0.982,0.03,1111.2,18.52
Bagged Tree ,Brett,0.988,0.973,0.998,,0.016,615,10.25
Gradient Boosted (gbm),Brett,0.973,0.94,0.995,,0.044,374.7,6.25
Logistic Regression,Brett,0.914,0.803,0.887,,0.2,99.2,1.65
